userID,latitude,longitude,smoker,drink_level,dress_preference,ambience,transport,marital_status,hijos,birth_year,interest,personality,religion,activity,color,weight,budget,height,income,gender
U1026,23.733,-99.133,FALSE,abstemious,formal,family,public,single,independent,1989,technology,hunter_ostentatious,1,professional,red,49,high,1.55,100,1
U1084,22.172524,-101.005758,TRUE,casual_drinker,elegant,family,public,single,independent,1991,variety,thrifty_protector,1,professional,red,65,medium,1.6,98,0
U1092,22.125365,-100.947888,FALSE,abstemious,elegant,solitary,public,single,dependent,1990,variety,thrifty_protector,0,unemployed,red,70,medium,1.69,98,1
U1120,22.121857,-100.904279,FALSE,abstemious,informal,friends,public,single,independent,1930,variety,hard_worker,0,student,green,47,high,1.57,98,1
U1017,18.952615,-99.201616,FALSE,casual_drinker,formal,family,public,single,,1991,retro,hunter_ostentatious,1,professional,orange,79,medium,1.79,95,0
U1056,22.168997,-100.974376,FALSE,social_drinker,,family,on_foot,single,,1930,none,hard_worker,0,student,yellow,61,medium,1.62,95,0
U1108,22.143524,-100.987562,FALSE,abstemious,,,public,single,,1983,technology,thrifty_protector,0,student,blue,76,high,1.81,92,0
U1122,22.169601,-100.991821,FALSE,abstemious,,,on_foot,married,kids,1930,none,hard_worker,1,unemployed,yellow,40,high,1.2,91,1
U1137,22.144803,-100.944623,TRUE,social_drinker,formal,family,public,single,independent,1989,eco_friendly,hard_worker,0,student,blue,72,low,1.78,91,0
U1011,23.724972,-99.152856,TRUE,,elegant,family,public,single,independent,1989,variety,hard_worker,0,professional,purple,68,high,1.78,90,0
U1050,23.758815,-99.171216,TRUE,,elegant,family,car_owner,single,independent,1989,variety,hard_worker,0,professional,green,73,medium,1.71,88,1
U1065,23.733665,-99.105617,TRUE,,formal,friends,public,single,independent,1989,technology,conformist,0,professional,green,55,medium,1.72,88,0
U1116,22.156469,-100.98554,TRUE,social_drinker,formal,family,public,married,kids,1987,technology,thrifty_protector,1,student,blue,40,medium,1.71,88,1
U1007,22.118464,-100.938256,TRUE,casual_drinker,informal,solitary,public,single,independent,1989,variety,thrifty_protector,0,student,purple,60,low,1.59,87,0
U1089,22.162562,-100.99313,TRUE,casual_drinker,informal,family,public,single,independent,1990,variety,conformist,0,student,white,54,medium,1.6,87,0
U1118,18.940062,-99.228172,TRUE,casual_drinker,formal,friends,public,single,independent,1987,technology,thrifty_protector,0,student,black,60,medium,1.68,87,0
U1014,23.751607,-99.170108,TRUE,abstemious,formal,friends,public,single,independent,1990,none,hard_worker,0,student,blue,53,high,1.69,86,1
U1041,18.935191,-99.23624,TRUE,abstemious,no_preference,friends,on_foot,single,independent,1985,eco_friendly,hunter_ostentatious,1,professional,white,40,medium,1.62,82,0
U1027,22.16515,-100.987015,TRUE,social_drinker,no_preference,friends,public,single,independent,1989,retro,thrifty_protector,0,student,purple,60,high,1.65,78,1
U1047,22.142429,-100.949147,TRUE,,no_preference,family,public,single,dependent,1992,retro,thrifty_protector,1,student,purple,60,high,1.63,78,0
U1001,22.139997,-100.978803,FALSE,,informal,family,on_foot,single,dependent,1989,variety,thrifty_protector,0,student,black,69,medium,1.77,77,1
U1003,22.119847,-100.946527,FALSE,social_drinker,,family,public,single,,1989,none,hard_worker,0,professional,blue,60,medium,1.69,76,0
U1071,22.154339,-100.975342,FALSE,abstemious,,friends,car_owner,single,,1930,none,hunter_ostentatious,0,student,blue,40,high,1.73,75,1
U1126,22.15421,-100.942233,FALSE,casual_drinker,,friends,on_foot,single,dependent,1990,technology,hard_worker,0,student,purple,65,high,1.63,75,0
U1127,18.943935,-99.206532,FALSE,abstemious,,solitary,public,single,independent,1992,variety,hard_worker,1,student,black,65,medium,1.76,75,0
U1018,22.190949,-100.917902,TRUE,casual_drinker,,,public,single,independent,1989,technology,thrifty_protector,0,student,blue,65,high,1.83,74,0
U1082,23.753061,-99.166095,TRUE,abstemious,informal,,public,single,independent,1989,variety,hard_worker,0,student,black,63,medium,1.69,74,0
U1010,22.190889,-100.998669,FALSE,social_drinker,no_preference,friends,car_owner,married,kids,1987,technology,hard_worker,0,professional,green,40,medium,1.67,73,0
U1095,22.179865,-101.018547,FALSE,abstemious,formal,family,public,married,independent,1986,variety,thrifty_protector,0,student,blue,65,medium,1.65,73,1
U1015,22.12676,-100.905209,TRUE,social_drinker,informal,family,public,single,independent,1989,technology,thrifty_protector,0,student,black,87,medium,1.67,72,0
U1038,22.125786,-100.943705,TRUE,social_drinker,no_preference,family,public,single,independent,1930,variety,thrifty_protector,0,student,blue,97,low,1.83,71,0
U1005,22.183477,-100.959891,FALSE,abstemious,no_preference,family,public,single,independent,1992,none,thrifty_protector,0,unemployed,black,65,medium,1.69,70,1
U1040,18.895187,-99.18039,FALSE,abstemious,no_preference,friends,public,single,dependent,1994,none,thrifty_protector,0,student,blue,73,high,1.64,70,0
U1057,22.196624,-100.91217,TRUE,casual_drinker,formal,friends,public,single,dependent,1989,technology,hunter_ostentatious,0,student,yellow,69,high,1.83,70,0
U1090,22.158473,-100.984268,TRUE,social_drinker,no_preference,,car_owner,single,dependent,1988,variety,thrifty_protector,0,student,blue,50,medium,1.54,70,1
U1032,22.169184,-100.986843,TRUE,abstemious,formal,,public,single,dependent,1989,variety,hard_worker,1,student,blue,40,medium,1.75,69,0
U1062,22.195826,-101.006317,TRUE,casual_drinker,informal,friends,car_owner,single,independent,1985,variety,hard_worker,1,unemployed,yellow,88,high,1.68,69,1
U1101,22.150891,-100.974891,TRUE,casual_drinker,no_preference,friends,car_owner,single,independent,1988,eco_friendly,hunter_ostentatious,0,student,white,50,low,1.69,69,0
U1138,22.152884,-100.939663,TRUE,social_drinker,formal,friends,public,single,dependent,1991,variety,thrifty_protector,0,student,blue,54,medium,1.55,69,1
U1073,22.15,-100.983,TRUE,abstemious,informal,solitary,car_owner,widow,kids,1989,none,hard_worker,0,unemployed,yellow,118,medium,1.79,66,0
U1107,23.742409,-99.171889,TRUE,abstemious,no_preference,friends,car_owner,single,dependent,1989,variety,hard_worker,0,unemployed,blue,87,high,1.79,66,1
U1128,22.187236,-100.994213,TRUE,casual_drinker,no_preference,friends,public,single,dependent,1986,variety,thrifty_protector,0,student,red,66,low,1.72,66,0
U1046,22.144415,-100.933097,TRUE,social_drinker,no_preference,friends,car_owner,single,dependent,1990,retro,hard_worker,1,student,black,82,medium,1.84,65,0
U1061,22.140388,-100.937321,TRUE,social_drinker,no_preference,friends,car_owner,single,dependent,1990,none,hard_worker,0,professional,blue,40,medium,1.76,64,1
U1106,18.927072,-99.173584,FALSE,casual_drinker,informal,friends,car_owner,single,independent,1930,technology,hard_worker,1,professional,blue,65,low,1.71,64,1
U1039,23.738067,-99.139906,FALSE,social_drinker,no_preference,friends,car_owner,single,independent,1989,none,hard_worker,0,student,yellow,83,medium,1.73,63,0
U1074,18.917,-99.25,TRUE,casual_drinker,no_preference,family,car_owner,single,kids,1967,eco_friendly,hard_worker,0,professional,black,68,medium,1.7,63,0
U1102,22.137131,-100.941151,FALSE,social_drinker,no_preference,friends,on_foot,single,independent,1989,eco_friendly,conformist,0,student,black,90,low,1.78,63,0
U1060,23.715238,-99.158864,FALSE,casual_drinker,formal,family,public,single,independent,1991,technology,thrifty_protector,0,student,blue,82,medium,1.84,61,0
U1067,23.752269,-99.168605,FALSE,abstemious,no_preference,family,public,single,independent,1987,technology,thrifty_protector,0,student,green,92,medium,1.73,59,0
U1104,22.149005,-100.978153,TRUE,social_drinker,no_preference,family,car_owner,single,independent,1991,technology,hunter_ostentatious,1,professional,blue,75,low,1.71,59,0
U1098,22.182571,-100.963232,FALSE,social_drinker,formal,family,public,single,independent,1991,none,thrifty_protector,0,student,green,68,medium,1.76,58,0
U1125,22.19204,-100.956935,FALSE,casual_drinker,formal,friends,public,single,independent,1990,technology,hard_worker,0,student,white,57,low,1.67,57,1
U1133,18.886698,-99.114979,FALSE,abstemious,no_preference,family,car_owner,single,independent,1991,none,hard_worker,0,professional,orange,60,medium,1.57,57,0
U1008,22.122989,-100.923811,FALSE,social_drinker,formal,solitary,public,single,independent,1989,technology,hard_worker,0,student,green,68,low,1.72,54,1
U1112,22.143078,-100.908523,TRUE,casual_drinker,formal,friends,car_owner,single,independent,1991,none,hard_worker,1,student,white,69,medium,1.69,54,0
U1075,22.167575,-100.960364,FALSE,casual_drinker,informal,family,car_owner,single,dependent,1991,technology,thrifty_protector,0,student,white,68,high,1.6,52,0
U1077,22.156469,-100.98554,FALSE,social_drinker,informal,family,public,married,kids,1987,technology,thrifty_protector,0,student,blue,65,high,1.71,52,0
U1083,22.13392,-101.028373,FALSE,abstemious,informal,family,car_owner,single,dependent,1981,none,hard_worker,0,professional,yellow,40,low,1.6,52,1
U1034,22.137178,-101.013169,FALSE,casual_drinker,informal,family,public,single,dependent,1990,technology,thrifty_protector,0,student,yellow,50,medium,1.58,50,1
U1093,18.871654,-99.183251,TRUE,casual_drinker,no_preference,family,car_owner,single,dependent,1990,variety,thrifty_protector,0,student,blue,80,medium,1.67,50,1
U1115,22.138127,-100.920512,TRUE,social_drinker,elegant,friends,public,single,dependent,1990,variety,hard_worker,0,student,green,76,low,1.76,50,0
U1063,23.745096,-99.164357,FALSE,casual_drinker,formal,family,public,single,independent,1988,eco_friendly,conformist,1,student,red,80,high,1.78,49,1
U1072,18.86826,-99.212033,FALSE,casual_drinker,no_preference,family,public,single,independent,1984,eco_friendly,thrifty_protector,0,professional,red,50,medium,1.54,49,0
U1025,22.125603,-100.907844,FALSE,social_drinker,no_preference,family,public,single,independent,1990,none,thrifty_protector,1,student,red,65,medium,1.79,48,1
U1035,18.839671,-99.223897,TRUE,casual_drinker,no_preference,friends,car_owner,single,independent,1985,variety,hunter_ostentatious,0,student,red,69,medium,1.75,48,1
U1087,23.753336,-99.167984,FALSE,abstemious,informal,solitary,public,single,independent,1989,variety,thrifty_protector,1,student,black,53,medium,1.55,48,0
U1091,22.154677,-100.949013,FALSE,casual_drinker,informal,family,car_owner,single,independent,1989,eco_friendly,thrifty_protector,0,student,red,40,low,1.7,48,1
U1002,22.150087,-100.983325,FALSE,abstemious,informal,family,public,single,independent,1990,technology,hunter_ostentatious,0,student,red,40,low,1.87,47,1
U1004,18.867,-99.183,FALSE,abstemious,informal,family,public,single,independent,1940,variety,hard_worker,0,professional,green,44,medium,1.53,47,1
U1109,22.303308,-101.05468,FALSE,abstemious,formal,solitary,public,single,independent,1989,eco_friendly,thrifty_protector,0,student,blue,57,low,1.72,45,0
U1031,23.735698,-99.159851,FALSE,abstemious,informal,solitary,car_owner,married,kids,1992,none,hard_worker,1,unemployed,white,40,medium,1.6,44,1
U1135,22.170396,-100.949936,FALSE,casual_drinker,informal,family,on_foot,single,kids,1988,variety,hunter_ostentatious,0,student,purple,66,low,1.54,44,1
U1053,22.175833,-100.986671,FALSE,casual_drinker,informal,family,public,single,independent,1990,variety,thrifty_protector,0,professional,red,66,low,1.72,42,0
U1006,22.15,-100.983,TRUE,social_drinker,no_preference,friends,car_owner,single,independent,1989,variety,hard_worker,1,student,blue,75,medium,1.8,41,1
U1019,22.153385,-100.975294,FALSE,casual_drinker,no_preference,family,public,single,independent,1989,variety,thrifty_protector,1,student,purple,59,medium,1.6,41,0
U1134,22.149654,-100.99861,FALSE,casual_drinker,no_preference,family,public,single,independent,1991,variety,hard_worker,0,student,black,52,medium,1.65,41,1
U1130,23.733,-99.133,FALSE,abstemious,informal,family,car_owner,single,independent,1989,none,hard_worker,0,working_class,yellow,40,low,1.2,39,1
U1033,22.15,-100.983,TRUE,social_drinker,no_preference,family,on_foot,single,dependent,1991,none,hard_worker,0,student,yellow,54,low,1.6,38,1
U1070,23.753237,-99.166868,TRUE,casual_drinker,informal,friends,public,single,independent,1991,variety,thrifty_protector,0,student,green,47,low,1.6,38,0
U1110,18.871678,-99.183263,TRUE,abstemious,no_preference,family,car_owner,single,independent,1993,variety,thrifty_protector,0,student,red,85,medium,1.75,38,0
U1030,18.844818,-99.182758,TRUE,casual_drinker,formal,family,on_foot,single,independent,1991,eco_friendly,hard_worker,0,student,black,64,high,1.75,37,0
U1044,18.95298,-99.260789,TRUE,social_drinker,informal,family,car_owner,married,kids,1969,variety,thrifty_protector,0,professional,orange,85,medium,1.73,37,1
U1009,22.159427,-100.990448,FALSE,abstemious,formal,family,on_foot,single,kids,1991,variety,thrifty_protector,0,student,green,75,medium,1.78,36,1
U1037,22.15031,-100.900536,FALSE,social_drinker,no_preference,family,public,single,independent,1990,variety,thrifty_protector,0,professional,blue,52,low,1.5,36,0
U1042,18.925773,-99.219589,FALSE,abstemious,no_preference,family,car_owner,single,independent,1943,technology,thrifty_protector,0,student,yellow,40,high,1.4,35,0
U1114,22.177726,-101.014094,FALSE,abstemious,no_preference,family,on_foot,single,independent,1991,variety,hard_worker,0,student,blue,58,medium,1.68,35,1
U1021,23.730569,-99.171883,FALSE,social_drinker,no_preference,family,car_owner,single,dependent,1984,none,hard_worker,0,professional,purple,108,medium,1.62,33,0
U1086,22.157281,-100.98444,FALSE,social_drinker,no_preference,family,car_owner,single,independent,1991,variety,hunter_ostentatious,0,student,red,49,medium,1.59,33,0
U1023,23.752943,-99.166589,FALSE,casual_drinker,informal,friends,car_owner,single,independent,1988,none,hard_worker,0,student,blue,103,low,1.79,32,0
U1076,22.156469,-100.98554,FALSE,social_drinker,elegant,family,public,married,kids,1987,technology,thrifty_protector,1,student,blue,65,high,1.71,32,1
U1103,23.752265,-99.16859,FALSE,abstemious,formal,friends,public,single,independent,1989,technology,hard_worker,0,professional,green,120,medium,1.9,32,0
U1124,22.137072,-100.918865,FALSE,casual_drinker,informal,friends,public,single,independent,1991,none,hard_worker,1,student,blue,51,low,1.2,32,0
U1048,22.142208,-101.022785,TRUE,casual_drinker,no_preference,friends,public,single,independent,1988,eco_friendly,thrifty_protector,1,student,green,65,medium,1.7,30,1
U1100,18.879729,-99.067106,FALSE,casual_drinker,formal,friends,public,single,independent,1990,eco_friendly,hard_worker,0,student,black,40,medium,1.65,29,1
U1013,22.174624,-100.993873,FALSE,abstemious,no_preference,friends,public,widow,independent,1982,retro,thrifty_protector,0,professional,blue,80,medium,1.75,27,0
U1024,22.154021,-100.976028,TRUE,abstemious,no_preference,family,public,married,kids,1930,none,hard_worker,0,working_class,yellow,40,low,1.2,27,0
U1105,22.120019,-100.950991,FALSE,social_drinker,formal,family,public,single,independent,1991,variety,hard_worker,0,student,green,40,medium,1.74,27,1
U1119,18.96479,-99.260017,FALSE,abstemious,formal,family,public,single,independent,1992,eco_friendly,thrifty_protector,1,student,blue,68,medium,1.68,27,0
U1121,18.871674,-99.183253,FALSE,social_drinker,no_preference,family,public,married,kids,1987,variety,thrifty_protector,0,working_class,black,90,medium,1.6,27,1
U1097,22.145471,-100.939588,FALSE,abstemious,formal,family,public,single,independent,1990,variety,hard_worker,0,student,black,58,high,1.64,25,1
U1051,18.877719,-99.22299,FALSE,casual_drinker,formal,family,public,single,independent,1979,variety,thrifty_protector,0,professional,blue,74,medium,1.76,24,0
U1052,22.138055,-100.936005,TRUE,social_drinker,formal,family,on_foot,single,independent,1990,none,conformist,0,student,blue,85,low,1.8,24,0
U1055,22.143289,-100.987683,FALSE,abstemious,formal,family,car_owner,married,dependent,1952,none,hard_worker,0,professional,blue,70,medium,1.66,23,0
U1099,22.184862,-100.970535,TRUE,social_drinker,informal,family,public,single,dependent,1989,technology,conformist,0,student,purple,70,high,2,23,0
U1113,22.137343,-100.913935,FALSE,casual_drinker,formal,family,public,single,dependent,1990,none,thrifty_protector,0,student,blue,75,medium,1.73,23,1
U1078,22.172109,-100.963199,TRUE,social_drinker,informal,solitary,car_owner,single,dependent,1983,variety,hard_worker,0,professional,blue,69,high,1.69,22,0
U1020,18.878189,-99.222969,FALSE,abstemious,no_preference,friends,public,single,dependent,1982,technology,hard_worker,0,professional,blue,40,medium,1.68,21,1
U1029,22.151796,-100.989075,TRUE,casual_drinker,formal,family,public,single,dependent,1990,variety,conformist,0,student,white,58,low,1.6,21,0
U1094,23.73944,-99.160548,FALSE,abstemious,informal,friends,public,single,independent,1991,variety,thrifty_protector,1,student,green,59,high,1.71,20,1
U1016,22.156247,-100.977402,FALSE,casual_drinker,informal,friends,on_foot,single,independent,1991,eco_friendly,thrifty_protector,0,student,green,70,medium,1.67,19,1
U1045,22.156724,-100.984268,FALSE,casual_drinker,elegant,friends,car_owner,single,independent,1991,technology,thrifty_protector,1,student,orange,68,high,1.6,17,0
U1132,22.15,-100.983,FALSE,casual_drinker,informal,solitary,public,single,independent,1991,none,hard_worker,0,student,blue,55,low,1.6,17,0
U1059,18.988278,-99.097023,FALSE,abstemious,formal,friends,on_foot,single,independent,1987,technology,thrifty_protector,1,student,blue,57,medium,1.69,16,1
U1129,23.728798,-99.134047,FALSE,casual_drinker,no_preference,friends,public,single,independent,1989,variety,thrifty_protector,0,student,purple,69,low,1.69,16,1
U1080,23.743793,-99.163397,TRUE,social_drinker,formal,friends,car_owner,single,independent,1987,variety,hard_worker,0,student,white,80,low,1.82,15,0
U1043,23.77103,-99.167082,FALSE,abstemious,no_preference,solitary,public,single,dependent,1989,technology,hard_worker,0,student,white,60,medium,1.64,14,0
U1054,22.150683,-100.975342,FALSE,social_drinker,formal,family,public,single,dependent,1992,technology,thrifty_protector,0,student,blue,59,medium,1.7,14,1
U1088,22.142748,-100.940664,FALSE,social_drinker,formal,family,on_foot,single,dependent,1991,none,hard_worker,1,student,blue,62,medium,1.6,14,1
U1012,18.813348,-99.243697,FALSE,casual_drinker,formal,family,public,single,independent,1988,technology,hard_worker,0,student,red,98,medium,1.84,12,1
U1079,18.917,-99.25,FALSE,abstemious,formal,family,public,single,independent,1992,technology,thrifty_protector,0,worker_class,black,53,medium,1.55,12,0
U1131,22.138245,-100.910948,TRUE,social_drinker,no_preference,friends,car_owner,married,kids,1990,eco_friendly,hard_worker,1,student,black,90,medium,1.8,12,1
U1069,19.347641,-99.130229,FALSE,social_drinker,no_preference,family,public,single,independent,1983,variety,thrifty_protector,0,professional,black,60,medium,1.56,11,0
U1123,23.753112,-99.168567,FALSE,abstemious,informal,family,public,single,independent,1987,technology,hard_worker,0,student,green,110,medium,1.75,11,0
U1049,22.15,-100.983,FALSE,casual_drinker,informal,solitary,public,single,dependent,1991,none,hard_worker,0,student,blue,55,low,1.6,10,1
U1058,22.205802,-100.986081,FALSE,abstemious,formal,family,public,single,independent,1991,variety,hard_worker,0,student,red,74,low,1.78,10,0
U1085,22.196787,-100.936335,FALSE,abstemious,no_preference,solitary,car_owner,single,independent,1988,technology,thrifty_protector,0,student,black,84,low,1.7,10,1
U1136,22.149607,-100.997235,TRUE,social_drinker,formal,friends,car_owner,single,dependent,1990,retro,thrifty_protector,0,working_class,black,50,low,1.6,10,1
U1096,22.1455,-100.939593,FALSE,abstemious,formal,family,public,single,dependent,1990,eco_friendly,hard_worker,0,working_class,black,40,medium,1.2,9,0
U1081,22.207749,-100.942383,FALSE,casual_drinker,formal,family,public,single,dependent,1991,variety,hard_worker,0,working_class,green,52,low,1.54,8,1
U1068,23.752269,-99.168605,FALSE,casual_drinker,formal,friends,public,single,independent,1988,technology,thrifty_protector,1,working_class,blue,72,low,1.57,7,1
U1066,18.890695,-99.157104,FALSE,abstemious,formal,solitary,public,single,dependent,1986,technology,thrifty_protector,0,working_class,green,45,low,1.45,6,1
U1022,22.146708,-100.964355,TRUE,casual_drinker,formal,family,car_owner,single,dependent,1990,variety,hard_worker,0,student,purple,46,medium,1.54,4,1
U1064,22.139511,-100.957002,TRUE,casual_drinker,formal,solitary,public,single,independent,1991,variety,hunter_ostentatious,0,student,blue,94,medium,1.77,4,1
U1028,23.752874,-99.169242,TRUE,abstemious,no_preference,family,public,single,dependent,1989,variety,hard_worker,0,student,blue,77,low,1.63,3,0
U1111,22.143078,-100.908523,TRUE,casual_drinker,formal,friends,car_owner,single,dependent,1991,none,hard_worker,0,student,white,69,medium,1.69,3,1
U1117,18.875641,-99.220737,TRUE,abstemious,no_preference,friends,public,single,dependent,1982,technology,thrifty_protector,0,professional,blue,58,low,1.6,3,1
U1036,22.160572,-100.989418,TRUE,social_drinker,informal,family,public,single,independent,1991,none,hard_worker,0,student,blue,76,low,1.7,2,1
